merged_labels,customer_count,Income,Customer Lifetime Value,Tenure,TotalFlightsWithCompanions,TotalPointsRedeemed,RedeemRatio,flights_period2,flights_period3,avg_monthly_flights,seasonality_score,trend%,is_active_pct,Province or State,Gender,Education,Location Code,Marital Status,LoyaltyStatus,EnrollmentType
0,1249,50705.11993594876,7244.9534907926345,0.5843074459567654,5.160128102481986,1028.8494715772617,0.20890890291995723,2.1040832666132907,10.031224979983987,1.7126020816653322,2.603386709367494,58.19362690152121,0.755004003202562,Ontario,female,Bachelor,Suburban,Married,Star,Standard
1,1309,50445.70084033613,6555.040557677617,1.2983193277310925,23.088617265087855,8687.577463712758,0.5060230182486379,14.9633307868602,30.20244461420932,7.6284415584415575,1.113109243697479,306.0703896103896,0.8647822765469825,Ontario,female,Bachelor,Rural,Married,Star,Standard
2,10626,49756.025334086204,7183.5111067193675,4.023903632599285,46.134199134199136,11460.847915490307,0.30407436877652044,34.722849614153965,45.289478637304725,15.704013739883306,0.756210239036326,27.27479484283832,0.9789196310935442,Ontario,male,Bachelor,Suburban,Married,Star,Standard
3,3503,49550.55101341707,7349.28441193263,1.3767913217242365,9.9411932629175,1395.625463888096,0.0797633020499613,8.66257493576934,11.549814444761633,3.812052526405938,0.6946188980873537,41.65716243220097,0.6180416785612333,Ontario,female,Bachelor,Suburban,Married,Star,Standard
